OxygenLevel,Oxygen1,New Level Oxygen1,Oxygen5,New Level Oxygen5,Oxygen10,New Level Oxygen10
100,500,101,2750,105,6125,110
101,525,102,2875,106,6375,111
102,550,103,3000,107,6625,112
103,575,104,3125,108,6875,113
104,600,105,3250,109,7125,114
105,625,106,3375,110,7375,115
106,650,107,3500,111,7625,116
107,675,108,3625,112,7875,117
108,700,109,3750,113,8125,118
109,725,110,3875,114,8375,119
110,750,111,4000,115,8625,120
111,775,112,4125,116,8875,121
112,800,113,4250,117,9125,122
113,825,114,4375,118,9375,123
114,850,115,4500,119,9625,124
115,875,116,4625,120,9875,125
116,900,117,4750,121,10125,126
117,925,118,4875,122,10375,127
118,950,119,5000,123,10625,128
119,975,120,5125,124,10875,129
120,1000,121,5250,125,11125,130
121,1025,122,5375,126,11375,131
122,1050,123,5500,127,11625,132
123,1075,124,5625,128,11875,133
124,1100,125,5750,129,12125,134
125,1125,126,5875,130,12375,135
126,1150,127,6000,131,12625,136
127,1175,128,6125,132,12875,137
128,1200,129,6250,133,13125,138
129,1225,130,6375,134,13375,139
130,1250,131,6500,135,13625,140
131,1275,132,6625,136,13875,141
132,1300,133,6750,137,14125,142
133,1325,134,6875,138,14375,143
134,1350,135,7000,139,14625,144
135,1375,136,7125,140,14875,145
136,1400,137,7250,141,15125,146
137,1425,138,7375,142,15375,147
138,1450,139,7500,143,15625,148
139,1475,140,7625,144,15875,149
140,1500,141,7750,145,16125,150
141,1525,142,7875,146,16375,151
142,1550,143,8000,147,16625,152
143,1575,144,8125,148,16875,153
144,1600,145,8250,149,17125,154
145,1625,146,8375,150,17375,155
146,1650,147,8500,151,17625,156
147,1675,148,8625,152,17875,157
148,1700,149,8750,153,18125,158
149,1725,150,8875,154,18375,159
150,1750,151,9000,155,18625,160
151,1775,152,9125,156,18875,161
152,1800,153,9250,157,19125,162
153,1825,154,9375,158,19375,163
154,1850,155,9500,159,19625,164
155,1875,156,9625,160,19875,165
156,1900,157,9750,161,20125,166
157,1925,158,9875,162,20375,167
158,1950,159,10000,163,20625,168
159,1975,160,10125,164,20875,169
160,2000,161,10250,165,21125,170
161,2025,162,10375,166,21375,171
162,2050,163,10500,167,21625,172
163,2075,164,10625,168,21875,173
164,2100,165,10750,169,22125,174
165,2125,166,10875,170,22375,175
166,2150,167,11000,171,22625,176
167,2175,168,11125,172,22875,177
168,2200,169,11250,173,23125,178
169,2225,170,11375,174,23375,179
170,2250,171,11500,175,23625,180
171,2275,172,11625,176,23875,181
172,2300,173,11750,177,24125,182
173,2325,174,11875,178,24375,183
174,2350,175,12000,179,24625,184
175,2375,176,12125,180,24875,185
176,2400,177,12250,181,25125,186
177,2425,178,12375,182,25375,187
178,2450,179,12500,183,25625,188
179,2475,180,12625,184,25875,189
180,2500,181,12750,185,26125,190
181,2525,182,12875,186,26375,191
182,2550,183,13000,187,26625,192
183,2575,184,13125,188,26875,193
184,2600,185,13250,189,27125,194
185,2625,186,13375,190,27375,195
186,2650,187,13500,191,27625,196
187,2675,188,13625,192,27875,197
188,2700,189,13750,193,28125,198
189,2725,190,13875,194,28375,199
190,2750,191,14000,195,28625,200
191,2775,192,14125,196,28875,201
192,2800,193,14250,197,29125,202
193,2825,194,14375,198,29375,203
194,2850,195,14500,199,29625,204
195,2875,196,14625,200,29875,205
196,2900,197,14750,201,30125,206
197,2925,198,14875,202,30375,207
198,2950,199,15000,203,30625,208
199,2975,200,15125,204,30875,209
200,3000,201,15250,205,31125,210
201,3025,202,15375,206,31375,211
202,3050,203,15500,207,31625,212
203,3075,204,15625,208,31875,213
204,3100,205,15750,209,32125,214
205,3125,206,15875,210,32375,215
206,3150,207,16000,211,32625,216
207,3175,208,16125,212,32875,217
208,3200,209,16250,213,33125,218
209,3225,210,16375,214,33375,219
210,3250,211,16500,215,33625,220
211,3275,212,16625,216,33875,221
212,3300,213,16750,217,34125,222
213,3325,214,16875,218,34375,223
214,3350,215,17000,219,34625,224
215,3375,216,17125,220,34875,225
216,3400,217,17250,221,35125,226
217,3425,218,17375,222,35375,227
218,3450,219,17500,223,35625,228
219,3475,220,17625,224,35875,229
220,3500,221,17750,225,36125,230
221,3525,222,17875,226,36375,231
222,3550,223,18000,227,36625,232
223,3575,224,18125,228,36875,233
224,3600,225,18250,229,37125,234
225,3625,226,18375,230,37375,235
226,3650,227,18500,231,37625,236
227,3675,228,18625,232,37875,237
228,3700,229,18750,233,38125,238
229,3725,230,18875,234,38375,239
230,3750,231,19000,235,38625,240
231,3775,232,19125,236,38875,241
232,3800,233,19250,237,39125,242
233,3825,234,19375,238,39375,243
234,3850,235,19500,239,39625,244
235,3875,236,19625,240,39875,245
236,3900,237,19750,241,40125,246
237,3925,238,19875,242,40375,247
238,3950,239,20000,243,40625,248
239,3975,240,20125,244,40875,249
240,4000,241,20250,245,41125,250
241,4025,242,20375,246,41375,251
242,4050,243,20500,247,41625,252
243,4075,244,20625,248,41875,253
244,4100,245,20750,249,42125,254
245,4125,246,20875,250,42375,255
246,4150,247,21000,251,42625,256
247,4175,248,21125,252,42875,257
248,4200,249,21250,253,43125,258
249,4225,250,21375,254,43375,259
250,4250,251,21500,255,43625,260
251,4275,252,21625,256,43875,261
252,4300,253,21750,257,44125,262
253,4325,254,21875,258,44375,263
254,4350,255,22000,259,44625,264
255,4375,256,22125,260,44875,265
256,4400,257,22250,261,45125,266
257,4425,258,22375,262,45375,267
258,4450,259,22500,263,45625,268
259,4475,260,22625,264,45875,269
260,4500,261,22750,265,46125,270
261,4525,262,22875,266,46375,271
262,4550,263,23000,267,46625,272
263,4575,264,23125,268,46875,273
264,4600,265,23250,269,47125,274
265,4625,266,23375,270,47375,275
266,4650,267,23500,271,47625,276
267,4675,268,23625,272,47875,277
268,4700,269,23750,273,48125,278
269,4725,270,23875,274,48375,279
270,4750,271,24000,275,48625,280
271,4775,272,24125,276,48875,281
272,4800,273,24250,277,49125,282
273,4825,274,24375,278,49375,283
274,4850,275,24500,279,49625,284
275,4875,276,24625,280,49875,285
276,4900,277,24750,281,50125,286
277,4925,278,24875,282,50375,287
278,4950,279,25000,283,50625,288
279,4975,280,25125,284,50875,289
280,5000,281,25250,285,51125,290
281,5025,282,25375,286,51375,291
282,5050,283,25500,287,51625,292
283,5075,284,25625,288,51875,293
284,5100,285,25750,289,52125,294
285,5125,286,25875,290,52375,295
286,5150,287,26000,291,52625,296
287,5175,288,26125,292,52875,297
288,5200,289,26250,293,53125,298
289,5225,290,26375,294,53375,299
290,5250,291,26500,295,53625,300
291,5275,292,26625,296,53875,301
292,5300,293,26750,297,54125,302
293,5325,294,26875,298,54375,303
294,5350,295,27000,299,54625,304
295,5375,296,27125,300,54875,305
296,5400,297,27250,301,55125,306
297,5425,298,27375,302,55375,307
298,5450,299,27500,303,55625,308
299,5475,300,27625,304,55875,309
300,5500,301,27750,305,56125,310
301,5525,302,27875,306,56375,311
302,5550,303,28000,307,56625,312
303,5575,304,28125,308,56875,313
304,5600,305,28250,309,57125,314
305,5625,306,28375,310,57375,315
306,5650,307,28500,311,57625,316
307,5675,308,28625,312,57875,317
308,5700,309,28750,313,58125,318
309,5725,310,28875,314,58375,319
310,5750,311,29000,315,58625,320
311,5775,312,29125,316,58875,321
312,5800,313,29250,317,59125,322
313,5825,314,29375,318,59375,323
314,5850,315,29500,319,59625,324
315,5875,316,29625,320,59875,325
316,5900,317,29750,321,60125,326
317,5925,318,29875,322,60375,327
318,5950,319,30000,323,60625,328
319,5975,320,30125,324,60875,329
320,6000,321,30250,325,61125,330
321,6025,322,30375,326,61375,331
322,6050,323,30500,327,61625,332
323,6075,324,30625,328,61875,333
324,6100,325,30750,329,62125,334
325,6125,326,30875,330,62375,335
326,6150,327,31000,331,62625,336
327,6175,328,31125,332,62875,337
328,6200,329,31250,333,63125,338
329,6225,330,31375,334,63375,339
330,6250,331,31500,335,63625,340
331,6275,332,31625,336,63875,341
332,6300,333,31750,337,64125,342
333,6325,334,31875,338,64375,343
334,6350,335,32000,339,64625,344
335,6375,336,32125,340,64875,345
336,6400,337,32250,341,65125,346
337,6425,338,32375,342,65375,347
338,6450,339,32500,343,65625,348
339,6475,340,32625,344,65875,349
340,6500,341,32750,345,66125,350
341,6525,342,32875,346,66375,351
342,6550,343,33000,347,66625,352
343,6575,344,33125,348,66875,353
344,6600,345,33250,349,67125,354
345,6625,346,33375,350,67375,355
346,6650,347,33500,351,67625,356
347,6675,348,33625,352,67875,357
348,6700,349,33750,353,68125,358
349,6725,350,33875,354,68375,359
350,6750,351,34000,355,68625,360
351,6775,352,34125,356,68875,361
352,6800,353,34250,357,69125,362
353,6825,354,34375,358,69375,363
354,6850,355,34500,359,69625,364
355,6875,356,34625,360,69875,365
356,6900,357,34750,361,70125,366
357,6925,358,34875,362,70375,367
358,6950,359,35000,363,70625,368
359,6975,360,35125,364,70875,369
360,7000,361,35250,365,71125,370
361,7025,362,35375,366,71375,371
362,7050,363,35500,367,71625,372
363,7075,364,35625,368,71875,373
364,7100,365,35750,369,72125,374
365,7125,366,35875,370,72375,375
366,7150,367,36000,371,72625,376
367,7175,368,36125,372,72875,377
368,7200,369,36250,373,73125,378
369,7225,370,36375,374,73375,379
370,7250,371,36500,375,73625,380
371,7275,372,36625,376,73875,381
372,7300,373,36750,377,74125,382
373,7325,374,36875,378,74375,383
374,7350,375,37000,379,74625,384
375,7375,376,37125,380,74875,385
376,7400,377,37250,381,75125,386
377,7425,378,37375,382,75375,387
378,7450,379,37500,383,75625,388
379,7475,380,37625,384,75875,389
380,7500,381,37750,385,76125,390
381,7525,382,37875,386,76375,391
382,7550,383,38000,387,76625,392
383,7575,384,38125,388,76875,393
384,7600,385,38250,389,77125,394
385,7625,386,38375,390,77375,395
386,7650,387,38500,391,77625,396
387,7675,388,38625,392,77875,397
388,7700,389,38750,393,78125,398
389,7725,390,38875,394,78375,399
390,7750,391,39000,395,78625,400
391,7775,392,39125,396,78875,401
392,7800,393,39250,397,79125,402
393,7825,394,39375,398,79375,403
394,7850,395,39500,399,79625,404
395,7875,396,39625,400,79875,405
396,7900,397,39750,401,80125,406
397,7925,398,39875,402,80375,407
398,7950,399,40000,403,80625,408
399,7975,400,40125,404,80875,409
400,8000,401,40250,405,81125,410
401,8025,402,40375,406,81375,411
402,8050,403,40500,407,81625,412
403,8075,404,40625,408,81875,413
404,8100,405,40750,409,82125,414
405,8125,406,40875,410,82375,415
406,8150,407,41000,411,82625,416
407,8175,408,41125,412,82875,417
408,8200,409,41250,413,83125,418
409,8225,410,41375,414,83375,419
410,8250,411,41500,415,83625,420
411,8275,412,41625,416,83875,421
412,8300,413,41750,417,84125,422
413,8325,414,41875,418,84375,423
414,8350,415,42000,419,84625,424
415,8375,416,42125,420,84875,425
416,8400,417,42250,421,85125,426
417,8425,418,42375,422,85375,427
418,8450,419,42500,423,85625,428
419,8475,420,42625,424,85875,429
420,8500,421,42750,425,86125,430
421,8525,422,42875,426,86375,431
422,8550,423,43000,427,86625,432
423,8575,424,43125,428,86875,433
424,8600,425,43250,429,87125,434
425,8625,426,43375,430,87375,435
426,8650,427,43500,431,87625,436
427,8675,428,43625,432,87875,437
428,8700,429,43750,433,88125,438
429,8725,430,43875,434,88375,439
430,8750,431,44000,435,88625,440
431,8775,432,44125,436,88875,441
432,8800,433,44250,437,89125,442
433,8825,434,44375,438,89375,443
434,8850,435,44500,439,89625,444
435,8875,436,44625,440,89875,445
436,8900,437,44750,441,90125,446
437,8925,438,44875,442,90375,447
438,8950,439,45000,443,90625,448
439,8975,440,45125,444,90875,449
440,9000,441,45250,445,91125,450
441,9025,442,45375,446,91375,451
442,9050,443,45500,447,91625,452
443,9075,444,45625,448,91875,453
444,9100,445,45750,449,92125,454
445,9125,446,45875,450,92375,455
446,9150,447,46000,451,92625,456
447,9175,448,46125,452,92875,457
448,9200,449,46250,453,93125,458
449,9225,450,46375,454,93375,459
450,9250,451,46500,455,93625,460
451,9275,452,46625,456,93875,461
452,9300,453,46750,457,94125,462
453,9325,454,46875,458,94375,463
454,9350,455,47000,459,94625,464
455,9375,456,47125,460,94875,465
456,9400,457,47250,461,95125,466
457,9425,458,47375,462,95375,467
458,9450,459,47500,463,95625,468
459,9475,460,47625,464,95875,469
460,9500,461,47750,465,96125,470
461,9525,462,47875,466,96375,471
462,9550,463,48000,467,96625,472
463,9575,464,48125,468,96875,473
464,9600,465,48250,469,97125,474
465,9625,466,48375,470,97375,475
466,9650,467,48500,471,97625,476
467,9675,468,48625,472,97875,477
468,9700,469,48750,473,98125,478
469,9725,470,48875,474,98375,479
470,9750,471,49000,475,98625,480
471,9775,472,49125,476,98875,481
472,9800,473,49250,477,99125,482
473,9825,474,49375,478,99375,483
474,9850,475,49500,479,99625,484
475,9875,476,49625,480,99875,485
476,9900,477,49750,481,100125,486
477,9925,478,49875,482,100375,487
478,9950,479,50000,483,100625,488
479,9975,480,50125,484,100875,489
480,10000,481,50250,485,101125,490
481,10025,482,50375,486,101375,491
482,10050,483,50500,487,101625,492
483,10075,484,50625,488,101875,493
484,10100,485,50750,489,102125,494
485,10125,486,50875,490,102375,495
486,10150,487,51000,491,102625,496
487,10175,488,51125,492,102875,497
488,10200,489,51250,493,103125,498
489,10225,490,51375,494,103375,499
490,10250,491,51500,495,103625,500
491,10275,492,51625,496,103875,501
492,10300,493,51750,497,104125,502
493,10325,494,51875,498,104375,503
494,10350,495,52000,499,104625,504
495,10375,496,52125,500,104875,505
496,10400,497,52250,501,105125,506
497,10425,498,52375,502,105375,507
498,10450,499,52500,503,105625,508
499,10475,500,52625,504,105875,509
500,10500,501,52750,505,106125,510
501,10525,502,52875,506,106375,511
502,10550,503,53000,507,106625,512
503,10575,504,53125,508,106875,513
504,10600,505,53250,509,107125,514
505,10625,506,53375,510,107375,515
506,10650,507,53500,511,107625,516
507,10675,508,53625,512,107875,517
508,10700,509,53750,513,108125,518
509,10725,510,53875,514,108375,519
510,10750,511,54000,515,108625,520
511,10775,512,54125,516,108875,521
512,10800,513,54250,517,109125,522
513,10825,514,54375,518,109375,523
514,10850,515,54500,519,109625,524
515,10875,516,54625,520,109875,525
516,10900,517,54750,521,110125,526
517,10925,518,54875,522,110375,527
518,10950,519,55000,523,110625,528
519,10975,520,55125,524,110875,529
520,11000,521,55250,525,111125,530
521,11025,522,55375,526,111375,531
522,11050,523,55500,527,111625,532
523,11075,524,55625,528,111875,533
524,11100,525,55750,529,112125,534
525,11125,526,55875,530,112375,535
526,11150,527,56000,531,112625,536
527,11175,528,56125,532,112875,537
528,11200,529,56250,533,113125,538
529,11225,530,56375,534,113375,539
530,11250,531,56500,535,113625,540
531,11275,532,56625,536,113875,541
532,11300,533,56750,537,114125,542
533,11325,534,56875,538,114375,543
534,11350,535,57000,539,114625,544
535,11375,536,57125,540,114875,545
536,11400,537,57250,541,115125,546
537,11425,538,57375,542,115375,547
538,11450,539,57500,543,115625,548
539,11475,540,57625,544,115875,549
540,11500,541,57750,545,116125,550
541,11525,542,57875,546,116375,551
542,11550,543,58000,547,116625,552
543,11575,544,58125,548,116875,553
544,11600,545,58250,549,117125,554
545,11625,546,58375,550,117375,555
546,11650,547,58500,551,117625,556
547,11675,548,58625,552,117875,557
548,11700,549,58750,553,118125,558
549,11725,550,58875,554,118375,559
550,11750,551,59000,555,118625,560
551,11775,552,59125,556,118875,561
552,11800,553,59250,557,119125,562
553,11825,554,59375,558,119375,563
554,11850,555,59500,559,119625,564
555,11875,556,59625,560,119875,565
556,11900,557,59750,561,120125,566
557,11925,558,59875,562,120375,567
558,11950,559,60000,563,120625,568
559,11975,560,60125,564,120875,569
560,12000,561,60250,565,121125,570
561,12025,562,60375,566,121375,571
562,12050,563,60500,567,121625,572
563,12075,564,60625,568,121875,573
564,12100,565,60750,569,122125,574
565,12125,566,60875,570,122375,575
566,12150,567,61000,571,122625,576
567,12175,568,61125,572,122875,577
568,12200,569,61250,573,123125,578
569,12225,570,61375,574,123375,579
570,12250,571,61500,575,123625,580
571,12275,572,61625,576,123875,581
572,12300,573,61750,577,124125,582
573,12325,574,61875,578,124375,583
574,12350,575,62000,579,124625,584
575,12375,576,62125,580,124875,585
576,12400,577,62250,581,125125,586
577,12425,578,62375,582,125375,587
578,12450,579,62500,583,125625,588
579,12475,580,62625,584,125875,589
580,12500,581,62750,585,126125,590
581,12525,582,62875,586,126375,591
582,12550,583,63000,587,126625,592
583,12575,584,63125,588,126875,593
584,12600,585,63250,589,127125,594
585,12625,586,63375,590,127375,595
586,12650,587,63500,591,127625,596
587,12675,588,63625,592,127875,597
588,12700,589,63750,593,128125,598
589,12725,590,63875,594,128375,599
590,12750,591,64000,595,128625,600
591,12775,592,64125,596,128875,601
592,12800,593,64250,597,129125,602
593,12825,594,64375,598,129375,603
594,12850,595,64500,599,129625,604
595,12875,596,64625,600,129875,605
596,12900,597,64750,601,130125,606
597,12925,598,64875,602,130375,607
598,12950,599,65000,603,130625,608
599,12975,600,65125,604,130875,609
600,13000,601,65250,605,131125,610
601,13025,602,65375,606,131375,611
602,13050,603,65500,607,131625,612
603,13075,604,65625,608,131875,613
604,13100,605,65750,609,132125,614
605,13125,606,65875,610,132375,615
606,13150,607,66000,611,132625,616
607,13175,608,66125,612,132875,617
608,13200,609,66250,613,133125,618
609,13225,610,66375,614,133375,619
610,13250,611,66500,615,133625,620
611,13275,612,66625,616,133875,621
612,13300,613,66750,617,134125,622
613,13325,614,66875,618,134375,623
614,13350,615,67000,619,134625,624
615,13375,616,67125,620,134875,625
616,13400,617,67250,621,135125,626
617,13425,618,67375,622,135375,627
618,13450,619,67500,623,135625,628
619,13475,620,67625,624,135875,629
620,13500,621,67750,625,136125,630
621,13525,622,67875,626,136375,631
622,13550,623,68000,627,136625,632
623,13575,624,68125,628,136875,633
624,13600,625,68250,629,137125,634
625,13625,626,68375,630,137375,635
626,13650,627,68500,631,137625,636
627,13675,628,68625,632,137875,637
628,13700,629,68750,633,138125,638
629,13725,630,68875,634,138375,639
630,13750,631,69000,635,138625,640
631,13775,632,69125,636,138875,641
632,13800,633,69250,637,139125,642
633,13825,634,69375,638,139375,643
634,13850,635,69500,639,139625,644
635,13875,636,69625,640,139875,645
636,13900,637,69750,641,140125,646
637,13925,638,69875,642,140375,647
638,13950,639,70000,643,140625,648
639,13975,640,70125,644,140875,649
640,14000,641,70250,645,141125,650
641,14025,642,70375,646,141375,651
642,14050,643,70500,647,141625,652
643,14075,644,70625,648,141875,653
644,14100,645,70750,649,142125,654
645,14125,646,70875,650,142375,655
646,14150,647,71000,651,142625,656
647,14175,648,71125,652,142875,657
648,14200,649,71250,653,143125,658
649,14225,650,71375,654,143375,659
650,14250,651,71500,655,143625,660
651,14275,652,71625,656,143875,661
652,14300,653,71750,657,144125,662
653,14325,654,71875,658,144375,663
654,14350,655,72000,659,144625,664
655,14375,656,72125,660,144875,665
656,14400,657,72250,661,145125,666
657,14425,658,72375,662,145375,667
658,14450,659,72500,663,145625,668
659,14475,660,72625,664,145875,669
660,14500,661,72750,665,146125,670
661,14525,662,72875,666,146375,671
662,14550,663,73000,667,146625,672
663,14575,664,73125,668,146875,673
664,14600,665,73250,669,147125,674
665,14625,666,73375,670,147375,675
666,14650,667,73500,671,147625,676
667,14675,668,73625,672,147875,677
668,14700,669,73750,673,148125,678
669,14725,670,73875,674,148375,679
670,14750,671,74000,675,148625,680
671,14775,672,74125,676,148875,681
672,14800,673,74250,677,149125,682
673,14825,674,74375,678,149375,683
674,14850,675,74500,679,149625,684
675,14875,676,74625,680,149875,685
676,14900,677,74750,681,150125,686
677,14925,678,74875,682,150375,687
678,14950,679,75000,683,150625,688
679,14975,680,75125,684,150875,689
680,15000,681,75250,685,151125,690
681,15025,682,75375,686,151375,691
682,15050,683,75500,687,151625,692
683,15075,684,75625,688,151875,693
684,15100,685,75750,689,152125,694
685,15125,686,75875,690,152375,695
686,15150,687,76000,691,152625,696
687,15175,688,76125,692,152875,697
688,15200,689,76250,693,153125,698
689,15225,690,76375,694,153375,699
690,15250,691,76500,695,153625,700
691,15275,692,76625,696,153875,701
692,15300,693,76750,697,154125,702
693,15325,694,76875,698,154375,703
694,15350,695,77000,699,154625,704
695,15375,696,77125,700,154875,705
696,15400,697,77250,701,155125,706
697,15425,698,77375,702,155375,707
698,15450,699,77500,703,155625,708
699,15475,700,77625,704,155875,709
700,15500,701,77750,705,156125,710
701,15525,702,77875,706,156375,711
702,15550,703,78000,707,156625,712
703,15575,704,78125,708,156875,713
704,15600,705,78250,709,157125,714
705,15625,706,78375,710,157375,715
706,15650,707,78500,711,157625,716
707,15675,708,78625,712,157875,717
708,15700,709,78750,713,158125,718
709,15725,710,78875,714,158375,719
710,15750,711,79000,715,158625,720
711,15775,712,79125,716,158875,721
712,15800,713,79250,717,159125,722
713,15825,714,79375,718,159375,723
714,15850,715,79500,719,159625,724
715,15875,716,79625,720,159875,725
716,15900,717,79750,721,160125,726
717,15925,718,79875,722,160375,727
718,15950,719,80000,723,160625,728
719,15975,720,80125,724,160875,729
720,16000,721,80250,725,161125,730
721,16025,722,80375,726,161375,731
722,16050,723,80500,727,161625,732
723,16075,724,80625,728,161875,733
724,16100,725,80750,729,162125,734
725,16125,726,80875,730,162375,735
726,16150,727,81000,731,162625,736
727,16175,728,81125,732,162875,737
728,16200,729,81250,733,163125,738
729,16225,730,81375,734,163375,739
730,16250,731,81500,735,163625,740
731,16275,732,81625,736,163875,741
732,16300,733,81750,737,164125,742
733,16325,734,81875,738,164375,743
734,16350,735,82000,739,164625,744
735,16375,736,82125,740,164875,745
736,16400,737,82250,741,165125,746
737,16425,738,82375,742,165375,747
738,16450,739,82500,743,165625,748
739,16475,740,82625,744,165875,749
740,16500,741,82750,745,166125,750
741,16525,742,82875,746,166375,751
742,16550,743,83000,747,166625,752
743,16575,744,83125,748,166875,753
744,16600,745,83250,749,167125,754
745,16625,746,83375,750,167375,755
746,16650,747,83500,751,167625,756
747,16675,748,83625,752,167875,757
748,16700,749,83750,753,168125,758
749,16725,750,83875,754,168375,759
750,16750,751,84000,755,168625,760
751,16775,752,84125,756,168875,761
752,16800,753,84250,757,169125,762
753,16825,754,84375,758,169375,763
754,16850,755,84500,759,169625,764
755,16875,756,84625,760,169875,765
756,16900,757,84750,761,170125,766
757,16925,758,84875,762,170375,767
758,16950,759,85000,763,170625,768
759,16975,760,85125,764,170875,769
760,17000,761,85250,765,171125,770
761,17025,762,85375,766,171375,771
762,17050,763,85500,767,171625,772
763,17075,764,85625,768,171875,773
764,17100,765,85750,769,172125,774
765,17125,766,85875,770,172375,775
766,17150,767,86000,771,172625,776
767,17175,768,86125,772,172875,777
768,17200,769,86250,773,173125,778
769,17225,770,86375,774,173375,779
770,17250,771,86500,775,173625,780
771,17275,772,86625,776,173875,781
772,17300,773,86750,777,174125,782
773,17325,774,86875,778,174375,783
774,17350,775,87000,779,174625,784
775,17375,776,87125,780,174875,785
776,17400,777,87250,781,175125,786
777,17425,778,87375,782,175375,787
778,17450,779,87500,783,175625,788
779,17475,780,87625,784,175875,789
780,17500,781,87750,785,176125,790
781,17525,782,87875,786,176375,791
782,17550,783,88000,787,176625,792
783,17575,784,88125,788,176875,793
784,17600,785,88250,789,177125,794
785,17625,786,88375,790,177375,795
786,17650,787,88500,791,177625,796
787,17675,788,88625,792,177875,797
788,17700,789,88750,793,178125,798
789,17725,790,88875,794,178375,799
790,17750,791,89000,795,178625,800
791,17775,792,89125,796,178875,801
792,17800,793,89250,797,179125,802
793,17825,794,89375,798,179375,803
794,17850,795,89500,799,179625,804
795,17875,796,89625,800,179875,805
796,17900,797,89750,801,180125,806
797,17925,798,89875,802,180375,807
798,17950,799,90000,803,180625,808
799,17975,800,90125,804,180875,809
800,18000,801,90250,805,181125,810
801,18025,802,90375,806,181375,811
802,18050,803,90500,807,181625,812
803,18075,804,90625,808,181875,813
804,18100,805,90750,809,182125,814
805,18125,806,90875,810,182375,815
806,18150,807,91000,811,182625,816
807,18175,808,91125,812,182875,817
808,18200,809,91250,813,183125,818
809,18225,810,91375,814,183375,819
810,18250,811,91500,815,183625,820
811,18275,812,91625,816,183875,821
812,18300,813,91750,817,184125,822
813,18325,814,91875,818,184375,823
814,18350,815,92000,819,184625,824
815,18375,816,92125,820,184875,825
816,18400,817,92250,821,185125,826
817,18425,818,92375,822,185375,827
818,18450,819,92500,823,185625,828
819,18475,820,92625,824,185875,829
820,18500,821,92750,825,186125,830
821,18525,822,92875,826,186375,831
822,18550,823,93000,827,186625,832
823,18575,824,93125,828,186875,833
824,18600,825,93250,829,187125,834
825,18625,826,93375,830,187375,835
826,18650,827,93500,831,187625,836
827,18675,828,93625,832,187875,837
828,18700,829,93750,833,188125,838
829,18725,830,93875,834,188375,839
830,18750,831,94000,835,188625,840
831,18775,832,94125,836,188875,841
832,18800,833,94250,837,189125,842
833,18825,834,94375,838,189375,843
834,18850,835,94500,839,189625,844
835,18875,836,94625,840,189875,845
836,18900,837,94750,841,190125,846
837,18925,838,94875,842,190375,847
838,18950,839,95000,843,190625,848
839,18975,840,95125,844,190875,849
840,19000,841,95250,845,191125,850
841,19025,842,95375,846,191375,851
842,19050,843,95500,847,191625,852
843,19075,844,95625,848,191875,853
844,19100,845,95750,849,192125,854
845,19125,846,95875,850,192375,855
846,19150,847,96000,851,192625,856
847,19175,848,96125,852,192875,857
848,19200,849,96250,853,193125,858
849,19225,850,96375,854,193375,859
850,19250,851,96500,855,193625,860
851,19275,852,96625,856,193875,861
852,19300,853,96750,857,194125,862
853,19325,854,96875,858,194375,863
854,19350,855,97000,859,194625,864
855,19375,856,97125,860,194875,865
856,19400,857,97250,861,195125,866
857,19425,858,97375,862,195375,867
858,19450,859,97500,863,195625,868
859,19475,860,97625,864,195875,869
860,19500,861,97750,865,196125,870
861,19525,862,97875,866,196375,871
862,19550,863,98000,867,196625,872
863,19575,864,98125,868,196875,873
864,19600,865,98250,869,197125,874
865,19625,866,98375,870,197375,875
866,19650,867,98500,871,197625,876
867,19675,868,98625,872,197875,877
868,19700,869,98750,873,198125,878
869,19725,870,98875,874,198375,879
870,19750,871,99000,875,198625,880
871,19775,872,99125,876,198875,881
872,19800,873,99250,877,199125,882
873,19825,874,99375,878,199375,883
874,19850,875,99500,879,199625,884
875,19875,876,99625,880,199875,885
876,19900,877,99750,881,200125,886
877,19925,878,99875,882,200375,887
878,19950,879,100000,883,200625,888
879,19975,880,100125,884,200875,889
880,20000,881,100250,885,201125,890
881,20025,882,100375,886,201375,891
882,20050,883,100500,887,201625,892
883,20075,884,100625,888,201875,893
884,20100,885,100750,889,202125,894
885,20125,886,100875,890,202375,895
886,20150,887,101000,891,202625,896
887,20175,888,101125,892,202875,897
888,20200,889,101250,893,203125,898
889,20225,890,101375,894,203375,899
890,20250,891,101500,895,203625,900
891,20275,892,101625,896,203875,901
892,20300,893,101750,897,204125,902
893,20325,894,101875,898,204375,903
894,20350,895,102000,899,204625,904
895,20375,896,102125,900,204875,905
896,20400,897,102250,901,205125,906
897,20425,898,102375,902,205375,907
898,20450,899,102500,903,205625,908
899,20475,900,102625,904,205875,909
900,20500,901,102750,905,206125,910
901,20525,902,102875,906,206375,911
902,20550,903,103000,907,206625,912
903,20575,904,103125,908,206875,913
904,20600,905,103250,909,207125,914
905,20625,906,103375,910,207375,915
906,20650,907,103500,911,207625,916
907,20675,908,103625,912,207875,917
908,20700,909,103750,913,208125,918
909,20725,910,103875,914,208375,919
910,20750,911,104000,915,208625,920
911,20775,912,104125,916,208875,921
912,20800,913,104250,917,209125,922
913,20825,914,104375,918,209375,923
914,20850,915,104500,919,209625,924
915,20875,916,104625,920,209875,925
916,20900,917,104750,921,210125,926
917,20925,918,104875,922,210375,927
918,20950,919,105000,923,210625,928
919,20975,920,105125,924,210875,929
920,21000,921,105250,925,211125,930
921,21025,922,105375,926,211375,931
922,21050,923,105500,927,211625,932
923,21075,924,105625,928,211875,933
924,21100,925,105750,929,212125,934
925,21125,926,105875,930,212375,935
926,21150,927,106000,931,212625,936
927,21175,928,106125,932,212875,937
928,21200,929,106250,933,213125,938
929,21225,930,106375,934,213375,939
930,21250,931,106500,935,213625,940
931,21275,932,106625,936,213875,941
932,21300,933,106750,937,214125,942
933,21325,934,106875,938,214375,943
934,21350,935,107000,939,214625,944
935,21375,936,107125,940,214875,945
936,21400,937,107250,941,215125,946
937,21425,938,107375,942,215375,947
938,21450,939,107500,943,215625,948
939,21475,940,107625,944,215875,949
940,21500,941,107750,945,216125,950
941,21525,942,107875,946,216375,951
942,21550,943,108000,947,216625,952
943,21575,944,108125,948,216875,953
944,21600,945,108250,949,217125,954
945,21625,946,108375,950,217375,955
946,21650,947,108500,951,217625,956
947,21675,948,108625,952,217875,957
948,21700,949,108750,953,218125,958
949,21725,950,108875,954,218375,959
950,21750,951,109000,955,218625,960
951,21775,952,109125,956,218875,961
952,21800,953,109250,957,219125,962
953,21825,954,109375,958,219375,963
954,21850,955,109500,959,219625,964
955,21875,956,109625,960,219875,965
956,21900,957,109750,961,220125,966
957,21925,958,109875,962,220375,967
958,21950,959,110000,963,220625,968
959,21975,960,110125,964,220875,969
960,22000,961,110250,965,221125,970
961,22025,962,110375,966,221375,971
962,22050,963,110500,967,221625,972
963,22075,964,110625,968,221875,973
964,22100,965,110750,969,222125,974
965,22125,966,110875,970,222375,975
966,22150,967,111000,971,222625,976
967,22175,968,111125,972,222875,977
968,22200,969,111250,973,223125,978
969,22225,970,111375,974,223375,979
970,22250,971,111500,975,223625,980
971,22275,972,111625,976,223875,981
972,22300,973,111750,977,224125,982
973,22325,974,111875,978,224375,983
974,22350,975,112000,979,224625,984
975,22375,976,112125,980,224875,985
976,22400,977,112250,981,225125,986
977,22425,978,112375,982,225375,987
978,22450,979,112500,983,225625,988
979,22475,980,112625,984,225875,989
980,22500,981,112750,985,226125,990
981,22525,982,112875,986,226375,991
982,22550,983,113000,987,226625,992
983,22575,984,113125,988,226875,993
984,22600,985,113250,989,227125,994
985,22625,986,113375,990,227375,995
986,22650,987,113500,991,227625,996
987,22675,988,113625,992,227875,997
988,22700,989,113750,993,228125,998
989,22725,990,113875,994,228375,999
990,22750,991,114000,995,228625,1000
991,22775,992,114125,996,228875,1001
992,22800,993,114250,997,229125,1002
993,22825,994,114375,998,229375,1003
994,22850,995,114500,999,229625,1004
995,22875,996,114625,1000,229875,1005
996,22900,997,114750,1001,230125,1006
997,22925,998,114875,1002,230375,1007
998,22950,999,115000,1003,230625,1008
999,22975,1000,115125,1004,230875,1009
1000,23000,1001,115250,1005,231125,1010
1001,23025,1002,115375,1006,231375,1011
1002,23050,1003,115500,1007,231625,1012
1003,23075,1004,115625,1008,231875,1013
1004,23100,1005,115750,1009,232125,1014
1005,23125,1006,115875,1010,232375,1015
1006,23150,1007,116000,1011,232625,1016
1007,23175,1008,116125,1012,232875,1017
1008,23200,1009,116250,1013,233125,1018
1009,23225,1010,116375,1014,233375,1019
1010,23250,1011,116500,1015,233625,1020
1011,23275,1012,116625,1016,233875,1021
1012,23300,1013,116750,1017,234125,1022
1013,23325,1014,116875,1018,234375,1023
1014,23350,1015,117000,1019,234625,1024
1015,23375,1016,117125,1020,234875,1025
1016,23400,1017,117250,1021,235125,1026
1017,23425,1018,117375,1022,235375,1027
1018,23450,1019,117500,1023,235625,1028
1019,23475,1020,117625,1024,235875,1029
1020,23500,1021,117750,1025,236125,1030
1021,23525,1022,117875,1026,236375,1031
1022,23550,1023,118000,1027,236625,1032
1023,23575,1024,118125,1028,236875,1033
1024,23600,1025,118250,1029,237125,1034
1025,23625,1026,118375,1030,237375,1035
1026,23650,1027,118500,1031,237625,1036
1027,23675,1028,118625,1032,237875,1037
1028,23700,1029,118750,1033,238125,1038
1029,23725,1030,118875,1034,238375,1039
1030,23750,1031,119000,1035,238625,1040
1031,23775,1032,119125,1036,238875,1041
1032,23800,1033,119250,1037,239125,1042
1033,23825,1034,119375,1038,239375,1043
1034,23850,1035,119500,1039,239625,1044
1035,23875,1036,119625,1040,239875,1045
1036,23900,1037,119750,1041,240125,1046
1037,23925,1038,119875,1042,240375,1047
1038,23950,1039,120000,1043,240625,1048
1039,23975,1040,120125,1044,240875,1049
1040,24000,1041,120250,1045,241125,1050
1041,24025,1042,120375,1046,241375,1051
1042,24050,1043,120500,1047,241625,1052
1043,24075,1044,120625,1048,241875,1053
1044,24100,1045,120750,1049,242125,1054
1045,24125,1046,120875,1050,242375,1055
1046,24150,1047,121000,1051,242625,1056
1047,24175,1048,121125,1052,242875,1057
1048,24200,1049,121250,1053,243125,1058
1049,24225,1050,121375,1054,243375,1059
1050,24250,1051,121500,1055,243625,1060
1051,24275,1052,121625,1056,243875,1061
1052,24300,1053,121750,1057,244125,1062
1053,24325,1054,121875,1058,244375,1063
1054,24350,1055,122000,1059,244625,1064
1055,24375,1056,122125,1060,244875,1065
1056,24400,1057,122250,1061,245125,1066
1057,24425,1058,122375,1062,245375,1067
1058,24450,1059,122500,1063,245625,1068
1059,24475,1060,122625,1064,245875,1069
1060,24500,1061,122750,1065,246125,1070
1061,24525,1062,122875,1066,246375,1071
1062,24550,1063,123000,1067,246625,1072
1063,24575,1064,123125,1068,246875,1073
1064,24600,1065,123250,1069,247125,1074
1065,24625,1066,123375,1070,247375,1075
1066,24650,1067,123500,1071,247625,1076
1067,24675,1068,123625,1072,247875,1077
1068,24700,1069,123750,1073,248125,1078
1069,24725,1070,123875,1074,248375,1079
1070,24750,1071,124000,1075,248625,1080
1071,24775,1072,124125,1076,248875,1081
1072,24800,1073,124250,1077,249125,1082
1073,24825,1074,124375,1078,249375,1083
1074,24850,1075,124500,1079,249625,1084
1075,24875,1076,124625,1080,249875,1085
1076,24900,1077,124750,1081,250125,1086
1077,24925,1078,124875,1082,250375,1087
1078,24950,1079,125000,1083,250625,1088
1079,24975,1080,125125,1084,250875,1089
1080,25000,1081,125250,1085,251125,1090
1081,25025,1082,125375,1086,251375,1091
1082,25050,1083,125500,1087,251625,1092
1083,25075,1084,125625,1088,251875,1093
1084,25100,1085,125750,1089,252125,1094
1085,25125,1086,125875,1090,252375,1095
1086,25150,1087,126000,1091,252625,1096
1087,25175,1088,126125,1092,252875,1097
1088,25200,1089,126250,1093,253125,1098
1089,25225,1090,126375,1094,253375,1099
1090,25250,1091,126500,1095,253625,1100
1091,25275,1092,126625,1096,253875,1101
1092,25300,1093,126750,1097,228600,1102
1093,25325,1094,126875,1098,203300,1103
1094,25350,1095,127000,1099,177975,1104
1095,25375,1096,127125,1100,152625,1105
1096,25400,1097,127250,1101,127250,1106
1097,25425,1098,101850,1102,101850,1107
1098,25450,1099,76425,1103,76425,1108
1099,25475,1100,50975,1104,50975,1109
1100,25500,1101,25500,1105,25500,1110